{ "history": [
  {
    "Searched": "blazy susan",
    "Day": "Tuesday",
    "Time": "Afternoon",
    "Hour": "2:41 PM",
    "Device": "Phone",
    "display": "false"
  },
  {
    "Searched": "tabagie",
    "Day": "Tuesday",
    "Time": "Afternoon",
    "Hour": "1:55 PM",
    "Device": "Phone",
    "display": "false"
  },
  {
    "Searched": "loose tobacco near me",
    "Day": "Tuesday",
    "Time": "Afternoon",
    "Hour": "1:49 PM",
    "Device": "Phone",
    "display": "false"
  },
  {
    "Searched": "clean concrete balcony",
    "Day": "Tuesday",
    "Time": "Noon",
    "Hour": "12:03 PM",
    "Device": "Phone",
    "display": "false"
  },
  {
    "Searched": "clean balcony without mop or hose",
    "Day": "Tuesday",
    "Time": "Morning",
    "Hour": "11:52 PM",
    "Device": "Phone",
    "display": "false"
  },
  {
    "Searched": "sweep dirt off balcony in city",
    "Day": "Tuesday",
    "Time": "Morning",
    "Hour": "11:30 PM",
    "Device": "Phone",
    "display": "false"
  },
  {
    "Searched": "repotted plant drooping",
    "Day": "Tuesday",
    "Time": "Morning",
    "Hour": "11:14 AM",
    "Device": "Phone",
    "display": "false"
  },
  {
    "Searched": "basil plant wont stand up",
    "Day": "Tuesday",
    "Time": "Morning",
    "Hour": "11:12 AM",
    "Device": "Phone",
    "display": "false"
  },
  {
    "Searched": "how to fix cast iron",
    "Day": "Tuesday",
    "Time": "Morning",
    "Hour": "10:00 AM",
    "Device": "Phone",
    "display": "false"
  },
  {
    "Searched": "Venus trine MC",
    "Day": "Tuesday",
    "Time": "Morning",
    "Hour": "8:53 AM",
    "Device": "Phone",
    "display": "false"
  },
  {
    "Searched": "Moon trine moon",
    "Day": "Tuesday",
    "Time": "Morning",
    "Hour": "8:51 AM",
    "Device": "Phone",
    "display": "false"
  },
  {
    "Searched": "Moon sextile Mercury",
    "Day": "Tuesday",
    "Time": "Morning",
    "Hour": "8:49 AM",
    "Device": "Phone",
    "display": "false"
  },
  {
    "Searched": "Chiron trine Pluto",
    "Day": "Tuesday",
    "Time": "Morning",
    "Hour": "8:48 AM",
    "Device": "Phone",
    "display": "false"
  },
  {
    "Searched": "structural dissociation",
    "Day": "Tuesday",
    "Time": "Night",
    "Hour": "1:43 AM",
    "Device": "Phone",
    "display": "false"
  },
  {
    "Searched": "jamie demetriou fleabag",
    "Day": "Tuesday",
    "Time": "Night",
    "Hour": "1:00 AM",
    "Device": "Phone",
    "display": "false"
  },
  {
    "Searched": "self restriction synonym",
    "Day": "Wednesday",
    "Time": "Afternoon",
    "Hour": "3:54 PM",
    "Device": "Laptop",
    "display": "false"
  },
  {
    "Searched": "hex code from image",
    "Day": "Wednesday",
    "Time": "Afternoon",
    "Hour": "2:48 PM",
    "Device": "Laptop",
    "display": "false"
  },
  {
    "Searched": "germs",
    "Day": "Wednesday",
    "Time": "Morning",
    "Hour": "7:47 AM",
    "Device": "Laptop",
    "display": "false"
  },
  {
    "Searched": "diy wet canvas spacer",
    "Day": "Wednesday",
    "Time": "Night",
    "Hour": "10:00 PM",
    "Device": "Phone",
    "display": "false"
  },
  {
    "Searched": "dry oil paint with hair dryer",
    "Day": "Wednesday",
    "Time": "Night",
    "Hour": "9:12 PM",
    "Device": "Phone"
  },
  {
    "Searched": "transport wet oil painting",
    "Day": "Wednesday",
    "Time": "Evening",
    "Hour": "8:00 PM",
    "Device": "Phone",
    "display": "false"
  },
  {
    "Searched": "how to dry oil paint fast",
    "Day": "Wednesday",
    "Time": "Evening",
    "Hour": "8:00 PM",
    "Device": "Phone",
    "display": "false"
  },
  {
    "Searched": "pearl joint",
    "Day": "Wednesday",
    "Time": "7:15 PM",
    "Hour": "?",
    "Device": "Phone",
    "display": "false"
  },
  {
    "Searched": "spliff rolling tips",
    "Day": "Wednesday",
    "Time": "Evening",
    "Hour": "7:12 PM",
    "Device": "Phone",
    "display": "false"
  },
  {
    "Searched": "best futurama episodes",
    "Day": "Wednesday",
    "Time": "Evening",
    "Hour": "6:50 PM",
    "Device": "Phone",
    "display": "false"
  },
  {
    "Searched": "flat painting still life",
    "Day": "Wednesday",
    "Time": "Morning",
    "Hour": "11:45 AM",
    "Device": "Phone",
    "display": "false"
  },
  {
    "Searched": "how to tell roommates your sick",
    "Day": "Wednesday",
    "Time": "Morning",
    "Hour": "8:05 AM",
    "Device": "Phone",
    "display": "false"
  },
  {
    "Searched": "mr lahey quotes",
    "Day": "Wednesday",
    "Time": "Morning",
    "Hour": "7:29 AM",
    "Device": "Phone",
    "display": "false"
  },
  {
    "Searched": "email sign offs",
    "Day": "Wednesday",
    "Time": "Morning",
    "Hour": "7:25 AM",
    "Device": "Phone",
    "display": "false"
  },
  {
    "Searched": "go to lecture if sick",
    "Day": "Wednesday",
    "Time": "Morning",
    "Hour": "7:13 AM",
    "Device": "Phone",
    "display": "false"
  },
  {
    "Searched": "inner and outer concave side",
    "Day": "Thursday",
    "Time": "Night",
    "Hour": "9:32 PM",
    "Device": "Laptop",
    "display": "false"
  },

  {
    "Searched": "image to gif",
    "Day": "Thursday",
    "Time": "Evening",
    "Hour": "8:40 PM",
    "Device": "Laptop",
    "display": "false"
  },
  {
    "Searched": "mckibben muscle png",
    "Day": "Thursday",
    "Time": "Evening",
    "Hour": "7:51 PM",
    "Device": "Laptop",
    "display": "false"
  },
  {
    "Searched": "knitted fabric stretch gif",
    "Day": "Thursday",
    "Time": "Evening",
    "Hour": "6:41 PM",
    "Device": "Laptop",
    "display": "false"
  },
  {
    "Searched": "unidirectional stretch",
    "Day": "Thursday",
    "Time": "Evening",
    "Hour": "6:40 PM",
    "Device": "Laptop",
    "display": "false"
  },
  {
    "Searched": "inextensible",
    "Day": "Thursday",
    "Time": "Evening",
    "Hour": "6:06 PM",
    "Device": "Laptop",
    "display": "false"
  },
  {
    "Searched": "mckibben muscle",
    "Day": "Thursday",
    "Time": "Evening",
    "Hour": "6:03 PM",
    "Device": "Laptop",
    "display": "false"
  },
  {
    "Searched": "soft",
    "Day": "Thursday",
    "Time": "Evening",
    "Hour": "5:33 PM",
    "Device": "Laptop",
    "display": "false"
  },
  {
    "Searched": "soft robotics",
    "Day": "Thursday",
    "Time": "Evening",
    "Hour": "5:27 PM",
    "Device": "Laptop",
    "display": "false"
  },
  {
    "Searched": "high quality gif",
    "Day": "Thursday",
    "Time": "Evening",
    "Hour": "5:12 PM",
    "Device": "Laptop",
    "display": "false"
  },
  {
    "Searched": "wearable choreographer",
    "Day": "Thursday",
    "Time": "Afternoon",
    "Hour": "4:31 PM",
    "Device": "Laptop",
    "display": "false"
  },
  {
    "Searched": "fiber reinforced",
    "Day": "Thursday",
    "Time": "Afternoon",
    "Hour": "4:06 PM",
    "Device": "Laptop",
    "display": "false"
  },
  {
    "Searched": "pneumatic",
    "Day": "Thursday",
    "Time": "Afternoon",
    "Hour": "4:01 PM",
    "Device": "Laptop",
    "display": "false"
  },
  {
    "Searched": "somaesthetics",
    "Day": "Thursday",
    "Time": "Afternoon",
    "Hour": "3:46 PM",
    "Device": "Laptop",
    "display": "false"
  },
  {
    "Searched": "dennis reynolds rage",
    "Day": "Thursday",
    "Time": "Evening",
    "Hour": "8:21 PM",
    "Device": "Phone",
    "display": "false"
  },
  {
    "Searched": "diesal belt",
    "Day": "Thursday",
    "Time": "Noon",
    "Hour": "12:33PM",
    "Device": "Phone",
    "display": "false"
  },
  {
    "Searched": "email professor about forgetting assignment",
    "Day": "Thursday",
    "Time": "Afternoon",
    "Hour": "2:30PM",
    "Device": "Phone",
    "display": "false"
  },
  {
    "Searched": "teeth generations",
    "Day": "Friday",
    "Time": "Night",
    "Hour": "9:43 PM",
    "Device": "Phone",
    "display": "false"
  },
  {
    "Searched": "breakfast near me",
    "Day": "Friday",
    "Time": "Noon",
    "Hour": "12:21 PM",
    "Device": "Phone",
    "display": "false"
  },
  {
    "Searched": "are fog machines bad for house plants",
    "Day": "Friday",
    "Time": "Evening",
    "Hour": "7:30 PM",
    "Device": "Phone",
    "display": "false"
  },
  {
    "Searched": "last minute halloween costumes",
    "Day": "Friday",
    "Time": "Night",
    "Hour": "9:09 PM",
    "Device": "Phone",
    "display": "false"
  },
  {
    "Searched": "triadic ballet ",
    "Day": "Friday",
    "Time": "Night",
    "Hour": "9:09 PM",
    "Device": "Laptop",
    "display": "false"
  },
  {
    "Searched": "painting citation",
    "Day": "Friday",
    "Time": "Night",
    "Hour": "1:04 AM",
    "Device": "Laptop",
    "display": "false"
  },
  {
    "Searched": "!Cartesian Shell",
    "Day": "Friday",
    "Time": "Night",
    "Hour": "1:00 AM",
    "Device": "Laptop",
    "display": "false"
  },
  {
    "Searched": "how to pronounce Jørgensen",
    "Day": "Friday",
    "Time": "Night",
    "Hour": "1:07 AM",
    "Device": "Laptop",
    "display": "false"
  }
]
}
